{"cameraMode":{"drawMode":0,"name":"Shaded","section":"Shading Mode"},"sceneLighting":false,"audioPlay":false,"sceneViewState":{"showFog":true,"showMaterialUpdate":false,"showSkybox":false,"showFlares":true,"showImageEffects":true,"showParticleSystems":true},"in2DMode":false,"pivot":{"x":-0.8176621794700623,"y":1.6181384325027466,"z":3.878458261489868},"rotation":{"x":0.0655537024140358,"y":0.6478909850120544,"z":-0.056114453822374347,"w":0.7568296790122986},"size":5.1202392578125,"orthographic":false}