{"cameraMode":{"drawMode":0,"name":"Shaded","section":"Shading Mode"},"sceneLighting":false,"audioPlay":false,"sceneViewState":{"showFog":true,"showMaterialUpdate":false,"showSkybox":false,"showFlares":true,"showImageEffects":true,"showParticleSystems":true},"in2DMode":false,"pivot":{"x":-0.26435279846191409,"y":4.32383918762207,"z":2.1894092559814455},"rotation":{"x":0.08433612436056137,"y":0.510367751121521,"z":-0.050382718443870547,"w":0.854326605796814},"size":4.781771183013916,"orthographic":false}