{"cameraMode":{"drawMode":0,"name":"Shaded","section":"Shading Mode"},"sceneLighting":false,"audioPlay":false,"sceneViewState":{"showFog":true,"showMaterialUpdate":false,"showSkybox":false,"showFlares":true,"showImageEffects":true,"showParticleSystems":true},"in2DMode":false,"pivot":{"x":-1.749999761581421,"y":1.0,"z":22.43000030517578},"rotation":{"x":-0.0003997133462689817,"y":0.998909056186676,"z":-0.045880235731601718,"w":-0.008695181459188462},"size":3.7578835487365724,"orthographic":false}