{"cameraMode":{"drawMode":0,"name":"Shaded","section":"Shading Mode"},"sceneLighting":false,"audioPlay":false,"sceneViewState":{"showFog":true,"showMaterialUpdate":false,"showSkybox":false,"showFlares":true,"showImageEffects":true,"showParticleSystems":true},"in2DMode":false,"pivot":{"x":-4.983595848083496,"y":1.2260565757751465,"z":22.609601974487306},"rotation":{"x":0.29634663462638857,"y":0.6659699082374573,"z":-0.3286272883415222,"w":0.6005555391311646},"size":6.54505729675293,"orthographic":false}